vendor,system,module,configuration,dwell_ml,dwell_kind,span,source_url,source_read_on,read_by,notes
Waters,ACQUITY UPLC H-Class (QSM+FTN),,100 µL mixer (standard),0.400,system_bound,"the total volume in the system between the point where the gradient is formed and the inlet of the column (WKB50711)",https://support.waters.com/KB_Inst/Chromatography/WKB8302_What_is_the_dwell_volume_for_an_ACQUITY_UPLC_H-Class_system,2026-09-04,agent,"Stated as '<400 μL with 100-μL mixer'; dwell_ml is the upper bound, not a value. With the Radial GPV kit '< 505 µL'. Spec sheet 720003294EN (June 2016): 'Dwell volume (total system) <400 µL (includes standard 100 µL mixer)'. Measurement procedure WKB50707: caffeine step, tD = t½ experimental − t½ programmed, VD = tD × F."
Waters,ACQUITY UPLC H-Class PLUS (Quaternary),,default configuration,0.375,system_measured_representative,"the volume difference between the point of mixing and the head of the column",https://www.waters.com/webassets/cms/library/docs/720005723en.pdf,2026-09-04,agent_evading,"White paper 720005723EN (April 2018) Figure 2, caffeine step with a restrictor in place of the column: 'Values may vary from system to system based on column heater, tubing, and flow cell configuration'. This is the lab's instrument value in validation/method.csv, to three digits. Same paper, Table 1: extra-column band broadening, H-Class PLUS with CH-A and ACQUITY PDA, 8 µL at 5σ / 7 µL at 4σ (input for #101). Read via stealth browser: re-confirm by hand."
Waters,ACQUITY UPLC I-Class PLUS (Binary),,default configuration,0.073,system_measured_representative,"the volume difference between the point of mixing and the head of the column",https://www.waters.com/webassets/cms/library/docs/720005723en.pdf,2026-09-04,agent_evading,"White paper 720005723EN (April 2018) Figure 2. Same caveat as the H-Class PLUS row."
Thermo Fisher Scientific,Vanquish Horizon,Binary Pump H,default configuration,0.035,module_only,"contribution of the pump to the system gradient delay volume",https://documents.thermofisher.com/TFS-Assets/CMD/Specification-Sheets/ps-73056-lc-vanquish-pumps-ps73056-en.pdf,2026-09-04,agent,"Spec sheet PS73056-EN 0825 (2025), row 'Dwell volume (contribution of the pump to the system gradient delay volume)': '35 μL (25 μL proprietary capillary mixer and 10 μL filter, default configuration)'. Binary Pump F 200 µL, Binary Pump C 400 µL on the same sheet."
Thermo Fisher Scientific,Vanquish (Flex / Core),Quaternary Pump F / C / CN,default configuration,0.679,module_only,"contribution of the pump to the system gradient delay volume",https://documents.thermofisher.com/TFS-Assets/CMD/Specification-Sheets/ps-73056-lc-vanquish-pumps-ps73056-en.pdf,2026-09-04,agent,"Spec sheet PS73056-EN 0825 (2025): '679 μL (default configuration)'."
Thermo Fisher Scientific,Vanquish Horizon,,"25 µL loop, factory-set sampler metering",0.175,system_sum_case_study,"the volume between the point of mobile phase mixing and the column entry … the combined volume contributed by pumping system, gradient mixer, tubing between the pump and the injector, injector, and tubing between the injector and the column",https://documents.thermofisher.com/TFS-Assets/CMD/Reference-Materials/cs-000566-lc-method-transfer-vanquish-cdmo-cs000566-na-en.pdf,2026-09-04,agent,"Case study CS000566 (2022): sampler 135 µL (factory; 110 minimum, 210 maximum) + invariable tubing 5 µL + mixer and inline filter 35 µL = 175 µL (range 150–250 µL). Method: GDV = FR × (T50 − 0.5 × TG), caffeine tracer."
Agilent,1290 Infinity II,High Speed Pump G7120A,with standard mixer,0.045,module_only,not defined on any Agilent page read,https://www.richmondscientific.com/wp-content/uploads/2024/11/1260-Infinity-II-Spec-list.pdf,2026-09-04,agent,"InfinityLab LC Series Specification Compendium 01200-90062 Rev. C (03/2018), read from a distributor mirror: 'Delay volume: As low as 45 µL (10 µL without mixer)'. Sampler contribution unstated in the compendium."
Agilent,1290 Infinity II,Flexible Pump G7104A,standard,0.350,module_only,not defined on any Agilent page read,https://www.richmondscientific.com/wp-content/uploads/2024/11/1260-Infinity-II-Spec-list.pdf,2026-09-04,agent,"Compendium 01200-90062 Rev. C: 'Delay volume: As low as 350 µL'. The 1290 Infinity III LC System Manual (SD-29000160 Rev. E.02, 11/2025) says only 'delay volumes down to 10 µl'."
Agilent,1260 Infinity II,Quaternary Pump G7111B,standard (upper end of the stated range),0.900,module_only,not defined on any Agilent page read,https://www.richmondscientific.com/wp-content/uploads/2024/11/1260-Infinity-II-Spec-list.pdf,2026-09-04,agent,"Compendium 01200-90062 Rev. C: 'Delay volume: 600 – 900 µL, dependent on back pressure; measured with water at 1 mL/min (water/caffeine tracer)'. dwell_ml records the upper end of the range."
Agilent,1260 Infinity III,Binary Pump G7112B,standard (400 µL mixer; upper end of the stated range),0.900,module_only,not defined on any Agilent page read,https://www.agilent.com/cs/library/usermanuals/public/G7112BUser.pdf,2026-09-05,agent_evading,"1260 Infinity III Binary Pump User Manual, edition 10/2024, specification table: 'Standard delay volume configuration: 600 – 900 µL, (includes 400 µL mixer), dependent on back pressure … Measured with water at 1 mL/min (water/water with tracer)'. dwell_ml records the upper end of the range. Agilent's terms forbid automated access: re-confirm by hand."
Agilent,1260 Infinity III,Binary Pump G7112B,low delay volume (damper and mixer bypassed),0.120,module_only,not defined on any Agilent page read,https://www.agilent.com/cs/library/usermanuals/public/G7112BUser.pdf,2026-09-05,agent_evading,"Same manual: 'Low delay volume configuration: 120 µL'. Re-confirm by hand."
Shimadzu,Nexera LC-40 (X3 / XR / XS),,,,none_published,"the total amount of volume from the point of mixing to the head of the column; Vd = Vmixer + Vinj + Vtubing (SSI knowledge base)",https://www.shimadzu.com/an/products/liquid-chromatography/hplcuhplc/nexera-series/spec.html,2026-09-04,agent,"No delay or dwell volume on the Nexera series spec page, the SSI LC-40D X3 and LC-40B X3 pages, catalogue C196-E095 (2019) or solvent-delivery manual 228-97197C (2024). Mixers listed: MR 20 / 40 / 100 / 180 µL (high-pressure gradient), MR 40 / 300 µL (low-pressure gradient). Definition from https://www.ssi.shimadzu.com/service-support/faq/liquid-chromatography/knowledge-base/optimizing-your-hplc-uhplc-system/index.html."
Shimadzu,Nexera (2010 generation: LC-30AD / SIL-30AC),,"20 µL mixer, 5 µL loop injection kit, micro-volume pre-heater",0.042,system_bound,"total system delay volume",https://photos.labwrench.com/equipmentManuals/6704-2295.pdf,2026-09-04,agent,"Catalogue C196-E071 (2010), read from a mirror: 'The total system delay volume has been reduced to less than 42 µL with an ultra-low volume (20 µL) mixer, optional loop injection kit with 5 µL loop and micro-volume pre-heater'. Previous generation, not the LC-40; dwell_ml is the upper bound."
